ret,sharpe,sortino,calmar,composite,start,end,n_days
0.0161671168293811,3.604055796264889,6.67577693310231,0.9441799781585419,4.0347815055679535,2022-01-01 00:00:00+00:00,2022-01-15 00:00:00+00:00,14
0.052202350335524006,8.71547129066959,29.986695680408747,6.466798628515519,16.549359247919032,2022-01-15 00:00:00+00:00,2022-01-29 00:00:00+00:00,15
-0.0075641132479136175,-1.4431194444572777,-2.0721376481957043,-0.38954731443180296,-1.378655086945006,2022-01-29 00:00:00+00:00,2022-02-12 00:00:00+00:00,15
-0.007263525138665461,-1.6645458854624486,-2.23397675051318,-0.46196597425331765,-1.5315442581200018,2022-02-12 00:00:00+00:00,2022-02-26 00:00:00+00:00,15
-0.029367405615277176,-9.359955413168333,-8.737602087372474,-0.9349812010714302,-6.583521819220918,2022-02-26 00:00:00+00:00,2022-03-12 00:00:00+00:00,15
0.0064659260205905955,2.0723177099226473,3.3727508252885796,0.47567395458229145,2.1134978294669136,2022-03-12 00:00:00+00:00,2022-03-26 00:00:00+00:00,15
0.012079037955649019,2.587434149019165,4.423372901034848,0.7750512114946966,2.778094768568098,2022-03-26 00:00:00+00:00,2022-04-09 00:00:00+00:00,15
-0.011436570562540993,-2.244726768980781,-3.5123340872275755,-0.43229270308945345,-2.2080394765121003,2022-04-09 00:00:00+00:00,2022-04-23 00:00:00+00:00,15
0.009978015491092451,1.9044850156071984,2.9154675046877614,0.566553248596991,1.9074984811363613,2022-04-23 00:00:00+00:00,2022-05-07 00:00:00+00:00,15
0.05638568010426681,6.292733199309484,15.682240006632627,2.8114377073984316,9.004147274665426,2022-05-07 00:00:00+00:00,2022-05-21 00:00:00+00:00,15
-0.0015111639934717314,-0.6398815782628655,-0.8905624969477709,-0.15366972251430083,-0.5942903890122584,2022-05-21 00:00:00+00:00,2022-06-04 00:00:00+00:00,15
0.03092824193478738,6.1723410276104085,19.20091153114563,2.684156515720719,10.33731387545759,2022-06-04 00:00:00+00:00,2022-06-18 00:00:00+00:00,15
-0.011314012028459941,-3.713685254965735,-4.527774406502734,-0.5189156227017209,-3.08089002590133,2022-06-18 00:00:00+00:00,2022-07-02 00:00:00+00:00,15
-0.008648453049932114,-3.4796818006248236,-4.325275848912681,-0.8168879643983771,-3.0190812690720326,2022-07-02 00:00:00+00:00,2022-07-16 00:00:00+00:00,15
0.029569875221601816,4.96763666039325,10.633745683062761,1.4776293121089448,6.187078064975762,2022-07-16 00:00:00+00:00,2022-07-30 00:00:00+00:00,15
0.012540491117903896,4.384014773024742,7.850539617624951,1.3456973579034974,4.859129486328452,2022-07-30 00:00:00+00:00,2022-08-13 00:00:00+00:00,15
0.0024939940613772915,0.5379168969159381,1.1868589626622374,0.16116138386330697,0.6844670692986685,2022-08-13 00:00:00+00:00,2022-08-27 00:00:00+00:00,15
-0.016372530428964027,-4.28629961839791,-5.082418271897033,-0.7043542244764324,-3.530163461621116,2022-08-27 00:00:00+00:00,2022-09-10 00:00:00+00:00,15
0.009487843852500566,2.0527389707300476,2.801054920766616,0.48193658493315744,1.880824635005608,2022-09-10 00:00:00+00:00,2022-09-24 00:00:00+00:00,15
-0.016723241511733766,-8.072051604957876,-8.283329797868605,-0.913263000596633,-6.008926300813795,2022-09-24 00:00:00+00:00,2022-10-08 00:00:00+00:00,15
0.004581648786772918,1.865543867145178,3.024825578745688,0.44438101316705464,1.902907695591945,2022-10-08 00:00:00+00:00,2022-10-22 00:00:00+00:00,15
0.025083850370207106,3.923337764236385,9.50576064478961,2.482820791533748,5.724151824646884,2022-10-22 00:00:00+00:00,2022-11-05 00:00:00+00:00,15
0.0207582871084524,1.4771122219698385,2.527363466560967,0.5148335296086837,1.6085291120979437,2022-11-05 00:00:00+00:00,2022-11-19 00:00:00+00:00,15
-0.010964939052262923,-2.3901207186733058,-3.215696409787153,-0.3654204770558206,-2.112940922633599,2022-11-19 00:00:00+00:00,2022-12-03 00:00:00+00:00,15
0.01135097910618943,3.2619831842129683,9.044309633563177,1.236168262069213,4.967169287309926,2022-12-03 00:00:00+00:00,2022-12-17 00:00:00+00:00,15
0.00484830613819498,1.2152580896718517,1.8319197176418192,0.4521136596728507,1.2329794118601383,2022-12-17 00:00:00+00:00,2022-12-31 00:00:00+00:00,15
0.049613366751541044,7.555956788541828,19.995956816290033,2.0690219278867796,10.885876341444595,2022-12-31 00:00:00+00:00,2023-01-14 00:00:00+00:00,15
0.05761816150451238,4.688703305416031,11.460322279675637,2.0826777447414853,6.615543226917509,2023-01-14 00:00:00+00:00,2023-01-28 00:00:00+00:00,15
-0.014939170013068326,-2.5356063035743284,-3.1029972388943396,-0.5505598169267486,-2.167048731708059,2023-01-28 00:00:00+00:00,2023-02-11 00:00:00+00:00,15
-0.05567093988521277,-20.319622651284977,-14.481867068508498,-1.0,-12.188633622788892,2023-02-11 00:00:00+00:00,2023-02-25 00:00:00+00:00,15
0.00195580101359516,2.027312984766641,4.986166790047818,0.4975660160860664,2.7519304162749396,2023-02-25 00:00:00+00:00,2023-03-11 00:00:00+00:00,15
-0.007700764082807177,-3.4885999290397973,-4.894817502798216,-0.662982517633399,-3.2034017351212456,2023-03-11 00:00:00+00:00,2023-03-25 00:00:00+00:00,15
0.006514803323983243,6.439767452456589,11.96937550179828,1.8768160100338176,7.282725239466434,2023-03-25 00:00:00+00:00,2023-04-08 00:00:00+00:00,15
-0.00714692602542355,-4.816880113658641,-5.111596349938449,-0.711520910653595,-3.7031588472690506,2023-04-08 00:00:00+00:00,2023-04-22 00:00:00+00:00,15
-0.01123568777320394,-8.933914924922954,-8.48214207418602,-0.9062352895264102,-6.344901894009218,2023-04-22 00:00:00+00:00,2023-05-06 00:00:00+00:00,15
-0.0015942208966023275,-1.4739906278497925,-2.1846643726081725,-0.36743992867217296,-1.4262949159998588,2023-05-06 00:00:00+00:00,2023-05-20 00:00:00+00:00,15
-0.007843172541805776,-6.012590964698864,-6.518298298848722,-0.8270701745766822,-4.6592176613221525,2023-05-20 00:00:00+00:00,2023-06-03 00:00:00+00:00,15
0.01107229398769971,3.273594912095578,7.111664060985976,1.914958021450766,4.401231504458293,2023-06-03 00:00:00+00:00,2023-06-17 00:00:00+00:00,15
-0.001930876731978115,-1.1000126603466984,-1.4864169880007185,-0.24734974925478623,-0.9987755180807327,2023-06-17 00:00:00+00:00,2023-07-01 00:00:00+00:00,15
-0.008593431933178186,-4.647852667286775,-6.244033574379203,-0.7594420595239462,-4.119801847794897,2023-07-01 00:00:00+00:00,2023-07-15 00:00:00+00:00,15
-0.010631921119775734,-19.470294690929997,-14.310269807613746,-1.0,-11.865196330324498,2023-07-15 00:00:00+00:00,2023-07-29 00:00:00+00:00,15
-0.0038440484620620996,-6.1344746349931745,-6.526917287351731,-0.923073431816766,-4.728031334983674,2023-07-29 00:00:00+00:00,2023-08-12 00:00:00+00:00,15
0.023069644001604273,5.346012369815099,16.64234910123277,3.9609441288934386,9.44902659010567,2023-08-12 00:00:00+00:00,2023-08-26 00:00:00+00:00,15
-0.009170564087504607,-3.945681126900163,-4.3086555957409045,-0.7500763374042635,-3.1321894775876897,2023-08-26 00:00:00+00:00,2023-09-09 00:00:00+00:00,15
-0.003985424611548605,-2.78421191284223,-4.450223775983562,-0.35851793927471004,-2.722908466028507,2023-09-09 00:00:00+00:00,2023-09-23 00:00:00+00:00,15
-0.0035913557096025617,-1.2164109956323528,-1.9740595577440156,-0.3184719150270167,-1.250088696295417,2023-09-23 00:00:00+00:00,2023-10-07 00:00:00+00:00,15
-0.007156568408541175,-4.239176846112817,-6.3332403029341275,-0.877913275278681,-4.0684231575911,2023-10-07 00:00:00+00:00,2023-10-21 00:00:00+00:00,15
0.03910312582382969,9.78497728966569,46.73546861963468,9.856763743502375,24.586709757804293,2023-10-21 00:00:00+00:00,2023-11-04 00:00:00+00:00,15
0.017779317214296597,4.17637086538709,6.891555165544744,1.3205177971391173,4.40568866497576,2023-11-04 00:00:00+00:00,2023-11-18 00:00:00+00:00,15
-0.005751063508126153,-2.9199267111665383,-3.5221564372101293,-0.5867178596494309,-2.460855946128843,2023-11-18 00:00:00+00:00,2023-12-02 00:00:00+00:00,15
-0.004345763919224255,-2.1599671164777554,-2.555314019584096,-0.3380785155849015,-1.7715392974524355,2023-12-02 00:00:00+00:00,2023-12-16 00:00:00+00:00,15
-0.008286630519166893,-6.233650673766066,-8.036678617602208,-0.9585521164420191,-5.372332284103309,2023-12-16 00:00:00+00:00,2023-12-30 00:00:00+00:00,15
-0.007266907073437023,-5.473348861353761,-6.9418557763404465,-0.8918592866475747,-4.686304754936579,2023-12-30 00:00:00+00:00,2024-01-13 00:00:00+00:00,15
-0.004396641011372382,-9.074694344974684,-8.932820856984941,-0.8594978235731303,-6.553385993358321,2024-01-13 00:00:00+00:00,2024-01-27 00:00:00+00:00,15
0.003459349046223137,4.738568762794116,12.067738276563443,1.2009941276394422,6.608964177755445,2024-01-27 00:00:00+00:00,2024-02-10 00:00:00+00:00,15
0.013119614388723777,7.647408762112557,19.004648537180692,5.219493799461584,11.46193018334452,2024-02-10 00:00:00+00:00,2024-02-24 00:00:00+00:00,15
0.026012340059773598,6.640006643461097,9.098972533236278,1.816912508183567,6.17666475878791,2024-02-24 00:00:00+00:00,2024-03-09 00:00:00+00:00,15
-0.004583263123810299,-3.028492815028215,-4.035705154942207,-0.47570244721721666,-2.665540640650512,2024-03-09 00:00:00+00:00,2024-03-23 00:00:00+00:00,15
0.0,,,,0.0,2024-03-23 00:00:00+00:00,2024-04-06 00:00:00+00:00,15
0.0,,,,0.0,2024-04-06 00:00:00+00:00,2024-04-20 00:00:00+00:00,15
0.0,,,,0.0,2024-04-20 00:00:00+00:00,2024-05-04 00:00:00+00:00,15
-0.00020964258889177856,-5.106018857331862,-5.106018857331862,-1.0,-3.8742132001323033,2024-05-04 00:00:00+00:00,2024-05-18 00:00:00+00:00,15
-0.007304423603634813,-10.077201159679516,-9.761287671446452,-0.9603837559952485,-7.2157905432810105,2024-05-18 00:00:00+00:00,2024-06-01 00:00:00+00:00,15
0.0009080319943708393,0.8793652560145184,1.1569102720948947,0.140661179863283,0.7687720396012984,2024-06-01 00:00:00+00:00,2024-06-15 00:00:00+00:00,15
0.0018421425762473742,1.578967743631261,2.5977584279317645,0.553723922120002,1.6789108708980847,2024-06-15 00:00:00+00:00,2024-06-29 00:00:00+00:00,15
0.003432611969814481,1.1961300680511964,2.418539985707374,0.3890016961767426,1.4429555235513314,2024-06-29 00:00:00+00:00,2024-07-13 00:00:00+00:00,15
-0.0049337409229801565,-4.015269031698021,-5.714157756804862,-0.6592346786949415,-3.6880142158398335,2024-07-13 00:00:00+00:00,2024-07-27 00:00:00+00:00,15
0.005136098912559284,2.093304979647972,3.099961991411215,0.612000907527448,2.051576562717112,2024-07-27 00:00:00+00:00,2024-08-10 00:00:00+00:00,15
-0.00015888448765488672,-0.2208218458685871,-0.3081474298188882,-0.07107595531066993,-0.2108283122813324,2024-08-10 00:00:00+00:00,2024-08-24 00:00:00+00:00,15
0.0018715799290631718,2.7985227995443513,4.62273349930546,0.8160015742764934,2.9334507118684376,2024-08-24 00:00:00+00:00,2024-09-07 00:00:00+00:00,15
-0.0025274214910114834,-3.3384211191115813,-4.120437492495816,-0.44461495747226426,-2.78308581997348,2024-09-07 00:00:00+00:00,2024-09-21 00:00:00+00:00,15
-0.008070947897251046,-4.280613158928945,-4.862750526510988,-0.5456422190047556,-3.3929768239845055,2024-09-21 00:00:00+00:00,2024-10-05 00:00:00+00:00,15
-0.004689527254554293,-4.395861052627596,-5.404740222223851,-0.6366016894738142,-3.671634911519964,2024-10-05 00:00:00+00:00,2024-10-19 00:00:00+00:00,15
-0.0024949479641247496,-2.567548366856524,-3.437752044327038,-0.4270684145286153,-2.273485852146357,2024-10-19 00:00:00+00:00,2024-11-02 00:00:00+00:00,15
0.03793371363365172,13.591663065302846,63.12959751612046,12.681373437623277,33.13374995732602,2024-11-02 00:00:00+00:00,2024-11-16 00:00:00+00:00,15
0.028092560443898185,9.997336969198319,35.81838711409057,6.1186370384652236,19.162147047935292,2024-11-16 00:00:00+00:00,2024-11-30 00:00:00+00:00,15
0.004410144148453865,2.3842301666406382,3.318617481429623,0.6244826702899896,2.2300608436510374,2024-11-30 00:00:00+00:00,2024-12-14 00:00:00+00:00,15
-0.0031208390251812324,-3.5734574933256953,-3.9813211812837226,-0.5539741978693609,-2.830757979872006,2024-12-14 00:00:00+00:00,2024-12-28 00:00:00+00:00,15
0.0013079489633844865,1.7694452875535873,2.525542052143773,0.5365031530918728,1.702001353051147,2024-12-28 00:00:00+00:00,2025-01-11 00:00:00+00:00,15
0.0022572749378251267,1.5221706977087721,1.9712023848635805,0.3892979731843844,1.3619215552133792,2025-01-11 00:00:00+00:00,2025-01-25 00:00:00+00:00,15
0.005999035703934785,5.642972372120816,16.584406498322384,2.9357597405733054,9.20738223313719,2025-01-25 00:00:00+00:00,2025-02-08 00:00:00+00:00,15
-0.005679815143212141,-11.041862130226097,-10.073898990204388,-0.9827042719152473,-7.636929516724159,2025-02-08 00:00:00+00:00,2025-02-22 00:00:00+00:00,15
0.0018520272721502806,1.0923340353880402,1.4212760105515747,0.2451844327018084,0.9697659446475844,2025-02-22 00:00:00+00:00,2025-03-08 00:00:00+00:00,15
2.3865503071540672e-05,0.05755795072707735,0.07856316202913022,0.008773433574273916,0.05132468010205747,2025-03-08 00:00:00+00:00,2025-03-22 00:00:00+00:00,15
-0.0005353162092683883,-0.919503612909815,-1.3048463379985322,-0.22554599556898058,-0.8654534177430516,2025-03-22 00:00:00+00:00,2025-04-05 00:00:00+00:00,15
-0.025051242745763536,-3.8774505976476017,-4.461762556114274,-0.8268240720209383,-3.1959874233462715,2025-04-05 00:00:00+00:00,2025-04-19 00:00:00+00:00,15
0.010753549266317108,3.275269626294811,8.695805483325811,1.716404122787269,4.975824318054949,2025-04-19 00:00:00+00:00,2025-05-03 00:00:00+00:00,15
0.025055539015264472,3.364264257328345,7.657928099230996,1.1475872378214511,4.416726688237337,2025-05-03 00:00:00+00:00,2025-05-17 00:00:00+00:00,15
0.004554623485304221,0.8749241626352133,1.268249541197762,0.26757831448700786,0.8500505596157711,2025-05-17 00:00:00+00:00,2025-05-31 00:00:00+00:00,15
-0.020439193044719084,-4.45178367282617,-6.400951050101,-0.5791135143167623,-4.06964957618328,2025-05-31 00:00:00+00:00,2025-06-14 00:00:00+00:00,15
-0.01093111261032409,-1.453069139473943,-1.7448464858380652,-0.3312917936093872,-1.2332468742602252,2025-06-14 00:00:00+00:00,2025-06-28 00:00:00+00:00,15
0.014817890078449247,2.2313293537854104,4.391430002249636,0.5391108357156619,2.587704057750176,2025-06-28 00:00:00+00:00,2025-07-12 00:00:00+00:00,15
0.04095542158652443,5.53356496659359,8.537316749035591,1.1805604404252792,5.429164321719898,2025-07-12 00:00:00+00:00,2025-07-26 00:00:00+00:00,15
-0.024246287616860762,-4.236983955010506,-5.288273488267681,-0.6165008971320473,-3.571354850949838,2025-07-26 00:00:00+00:00,2025-08-09 00:00:00+00:00,15
-0.022987564508751168,-4.630951169907595,-5.072491340696782,-0.6501622880079065,-3.6133305736533634,2025-08-09 00:00:00+00:00,2025-08-23 00:00:00+00:00,15
-0.004383232777310564,-6.4390954581253,-7.007382056557628,-0.9015158283113065,-5.005136208554033,2025-08-23 00:00:00+00:00,2025-09-06 00:00:00+00:00,15
0.003927952736647589,6.167150553113797,17.311419506214836,2.5622335644133365,9.543383037744075,2025-09-06 00:00:00+00:00,2025-09-20 00:00:00+00:00,15
0.006062975722124886,3.4742682296195087,7.1871250611546245,1.1344021001714462,4.257451123399136,2025-09-20 00:00:00+00:00,2025-10-04 00:00:00+00:00,15
-0.003877416370956843,-2.0060829046163517,-2.593608501783586,-0.32013094810783344,-1.73530755653069,2025-10-04 00:00:00+00:00,2025-10-18 00:00:00+00:00,15
-0.00664962644798428,-10.363420462340887,-9.990314152756008,-1.0,-7.40515179980467,2025-10-18 00:00:00+00:00,2025-11-01 00:00:00+00:00,15
0.004385444524780624,7.253068988964966,16.27048892201358,2.8316268845291903,9.533604330853679,2025-11-01 00:00:00+00:00,2025-11-15 00:00:00+00:00,15
0.0007380872679991768,1.490874534071034,2.5870811403379665,0.29314337414377534,1.5700378285996295,2025-11-15 00:00:00+00:00,2025-11-29 00:00:00+00:00,15
-0.0036581613786020872,-5.537083884049845,-6.242176956589289,-0.6986664699095732,-4.367595888823541,2025-11-29 00:00:00+00:00,2025-12-13 00:00:00+00:00,15
-0.0005606432985952869,-1.2630665121931943,-1.8391473636508393,-0.23981865901869792,-1.1865244968239033,2025-12-13 00:00:00+00:00,2025-12-27 00:00:00+00:00,15
0.0005676054073640024,0.35647092893369564,0.6537355737621146,0.09354497301638529,0.3964990000898701,2025-12-27 00:00:00+00:00,2026-01-10 00:00:00+00:00,15
0.006193007879393697,2.8348974168359695,7.251345698402413,0.9839830382583229,4.046202415889253,2026-01-10 00:00:00+00:00,2026-01-24 00:00:00+00:00,15
0.0429304491689082,7.780212576386028,16.467250580490077,3.7686671212659473,10.051564141491625,2026-01-24 00:00:00+00:00,2026-02-07 00:00:00+00:00,15
0.005204639463920913,3.086678779201649,5.033951830490659,0.7787782178066036,3.1732178312987394,2026-02-07 00:00:00+00:00,2026-02-21 00:00:00+00:00,15
-0.009494441032576684,-6.466146533704463,-7.198450946523893,-0.6631845257027872,-5.018179696431732,2026-02-21 00:00:00+00:00,2026-03-07 00:00:00+00:00,15
-0.001643678790955394,-0.9661503662258668,-1.3018415317607386,-0.19328492608507322,-0.8685672003975775,2026-03-07 00:00:00+00:00,2026-03-21 00:00:00+00:00,15
0.0008548433553727808,0.5693337811393478,0.985490137557476,0.22021706716499434,0.6310613095142931,2026-03-21 00:00:00+00:00,2026-04-04 00:00:00+00:00,15
-0.005943594922390272,-2.903424648748108,-3.5550024206954274,-0.42741719264207073,-2.421253520695225,2026-04-04 00:00:00+00:00,2026-04-18 00:00:00+00:00,15
-0.009360055883292584,-5.024058985211097,-5.777598381293452,-0.9921342040925888,-4.115897309308487,2026-04-18 00:00:00+00:00,2026-05-02 00:00:00+00:00,15
-0.01194984666702481,-8.138796446899713,-8.867864483063423,-1.0,-6.288784727295282,2026-05-02 00:00:00+00:00,2026-05-16 00:00:00+00:00,15
0.002960592353589364,1.9733655659644598,3.119462770785233,0.7579045989942446,2.0671661578017044,2026-05-16 00:00:00+00:00,2026-05-30 00:00:00+00:00,15
0.02192396782845618,6.363731727281817,11.267386885341471,2.6357913575308203,7.20681167958038,2026-05-30 00:00:00+00:00,2026-06-13 00:00:00+00:00,15
-0.010142826119742931,-7.1530058714401665,-7.059698017656216,-0.8592381547622274,-5.227552414923204,2026-06-13 00:00:00+00:00,2026-06-27 00:00:00+00:00,15
-0.003162074874024201,-5.382994507377277,-6.73371254962792,-0.5680207006751194,-4.478789582266887,2026-06-27 00:00:00+00:00,2026-07-11 00:00:00+00:00,15
-0.008278065343261809,-11.893435430402548,-10.664992154510463,-1.0,-8.13402749092495,2026-07-11 00:00:00+00:00,2026-07-25 00:00:00+00:00,15
-0.0147758445098648,-12.000810589004526,-10.937542671624012,-0.8794210338957157,-8.239086555519679,2026-07-25 00:00:00+00:00,2026-08-08 00:00:00+00:00,15
0.05374716594246132,7.78531633361537,74.66705331144689,5.879829795922155,33.96636516344001,2026-08-08 00:00:00+00:00,2026-08-22 00:00:00+00:00,15
-0.001604900205586457,-0.356854030683752,-0.5322806293385381,-0.1216730240071625,-0.3564703681426896,2026-08-22 00:00:00+00:00,2026-09-05 00:00:00+00:00,15
-0.002198539280027889,-1.5141164321078056,-2.3303637056771467,-0.22775730297413246,-1.4547076027954402,2026-09-05 00:00:00+00:00,2026-09-19 00:00:00+00:00,15
0.004113573788687486,2.2465977190140793,4.730430414080006,0.8257109156914407,2.8138647560436585,2026-09-19 00:00:00+00:00,2026-10-03 00:00:00+00:00,15
